second,throughput_MiB_s,reporting_jobs,cumulative_MiB
1,1044.680664,64,1044.680664
2,1037.331055,64,2082.011719
3,1021.087891,64,3103.099609
4,1017.039062,64,4120.138672
5,1036.939453,64,5157.078125
6,1003.498047,64,6160.576172
7,1009.721680,64,7170.297852
8,1010.043945,64,8180.341797
9,1016.048828,64,9196.390625
10,1024.710938,64,10221.101562
11,1016.318359,64,11237.419922
12,1033.761719,64,12271.181641
13,1027.822266,64,13299.003906
14,1049.016602,64,14348.020508
15,1051.850586,64,15399.871094
16,1024.841797,64,16424.712891
17,1012.074219,64,17436.787109
18,1012.631836,64,18449.418945
19,1031.360352,64,19480.779297
20,1012.585938,64,20493.365234
21,1000.275391,64,21493.640625
22,1014.363281,64,22508.003906
23,994.015625,64,23502.019531
24,1004.785156,64,24506.804688
25,1014.044922,64,25520.849609
26,995.971680,64,26516.821289
27,989.148438,64,27505.969727
28,1017.789062,64,28523.758789
29,1033.667969,64,29557.426758
30,859.351562,64,30416.778320
31,3.858398,64,30420.636719
32,3.968750,64,30424.605469
33,2.870117,64,30427.475586
34,1.683594,64,30429.159180
35,0.978516,64,30430.137695
36,0.918945,64,30431.056641
37,0.488281,64,30431.544922
38,0.482422,64,30432.027344
39,0.476562,64,30432.503906
40,0.478516,64,30432.982422
41,0.478516,64,30433.460938
42,0.475586,64,30433.936523
43,0.484375,64,30434.420898
44,0.476562,64,30434.897461
45,0.485352,64,30435.382812
46,0.479492,64,30435.862305
47,0.483398,64,30436.345703
48,0.482422,64,30436.828125
49,0.479492,64,30437.307617
50,0.484375,64,30437.791992
51,0.473633,64,30438.265625
52,0.254883,64,30438.520508
53,0.333008,64,30438.853516
54,0.279297,64,30439.132812
55,0.249023,64,30439.381836
56,0.258789,64,30439.640625
57,0.311523,64,30439.952148
58,0.260742,64,30440.212891
59,0.252930,64,30440.465820
60,0.334961,64,30440.800781
